Food Name,Calories,Protein (g),Fat (g),Carbohydrates (g),Fiber (g),Sugars (g),Glycemic Index,Seasonal Availability
Bell Pepper,643,3.3,25.9,58.3,10.8,26.3,12,Fall
Salmon,167,20.8,46.6,61.5,4.3,28.4,78,Fall
Eggplant,514,47.6,16.1,77.3,15.6,21.8,40,Fall
Asparagus,586,9.5,27.8,7.3,11.2,28.6,65,Spring
Broccoli,52,22.4,65.6,46.4,2.9,11.2,60,Year-round
Grapes,497,14.8,2.9,89.1,1.8,22.1,70,Winter
Cheese,687,4.0,25.4,34.3,7.1,25.6,81,Winter
Broccoli,132,19.0,38.6,79.3,3.6,27.9,40,Winter
Egg,677,1.7,50.5,8.3,7.4,45.2,85,Summer
Eggplant,81,49.9,34.3,92.7,13.6,36.5,16,Fall
Blueberries,208,26.4,10.6,56.9,15.9,12.3,58,Summer
Onion,177,47.7,35.1,58.2,10.6,39.3,12,Year-round
Tofu,587,11.5,32.1,79.8,8.0,24.3,60,Fall
Bread,619,42.9,53.8,80.9,0.7,44.7,1,Winter
Tofu,179,6.4,64.3,15.1,5.1,17.0,75,Spring
Peas,536,41.2,43.9,3.5,9.8,34.2,36,Fall
Mushrooms,226,30.8,59.7,5.3,5.5,36.8,29,Fall
Yogurt,356,20.8,63.3,9.4,6.0,29.2,24,Winter
Chicken Breast,592,49.8,7.1,74.5,3.8,44.5,21,Fall
Lentils,232,31.7,8.4,28.9,9.1,26.2,10,Year-round
Mango,644,43.6,38.2,33.3,11.6,27.7,41,Summer
Zucchini,624,10.1,68.3,82.5,19.1,7.4,7,Spring
Zucchini,672,43.3,37.1,67.6,5.0,45.5,33,Year-round
Rice,120,48.1,20.9,30.2,8.0,28.5,25,Winter
Garlic,166,49.0,25.7,19.5,10.7,44.1,88,Year-round
Walnuts,56,8.2,7.3,28.6,7.0,46.6,3,Year-round
Banana,538,3.2,50.8,58.6,16.8,1.0,43,Spring
Spinach,106,5.0,3.7,95.2,15.7,40.4,55,Summer
Pumpkin,642,35.3,64.6,5.4,19.6,18.3,75,Summer
Peas,674,35.1,0.9,45.5,15.1,33.8,53,Year-round
Kale,575,42.1,32.5,39.9,14.1,22.0,22,Spring
Pasta,57,45.4,34.9,55.9,18.2,21.7,22,Winter
Pork,199,21.2,58.8,18.1,0.6,11.8,30,Winter
Lentils,113,30.9,1.7,51.3,0.2,25.5,50,Spring
Tofu,45,27.7,63.8,35.4,13.1,35.9,28,Winter
Kale,438,29.5,1.2,91.1,3.4,35.8,30,Winter
Eggplant,394,33.1,64.1,84.9,15.8,12.7,5,Spring
Salmon,59,9.2,49.5,19.6,4.7,12.9,75,Winter
Cheese,68,25.0,47.3,21.7,4.1,48.0,71,Summer
Spinach,397,8.0,26.8,79.6,16.6,4.8,59,Winter
Chicken Breast,426,27.8,28.7,7.9,16.1,21.7,36,Fall
Lentils,678,26.3,18.7,91.7,0.2,46.5,72,Spring
Avocado,499,48.2,67.0,13.7,19.0,12.7,20,Year-round
Chicken Breast,304,31.3,11.4,76.8,3.2,40.1,61,Summer
Avocado,354,16.0,67.6,16.7,15.6,15.1,80,Spring
Walnuts,572,15.7,29.8,23.5,3.8,12.2,43,Year-round
Zucchini,235,23.3,20.7,31.6,8.4,3.6,24,Fall
Sweet Potato,495,23.9,68.6,44.9,1.4,35.7,11,Summer
Bell Pepper,618,47.2,63.1,83.9,3.0,26.2,89,Spring
Cauliflower,498,0.8,54.8,97.4,1.2,29.1,32,Spring
Cucumber,21,32.1,6.7,96.2,8.6,13.4,2,Spring
Coconut,468,5.9,50.5,30.7,3.6,10.6,16,Summer
Yogurt,330,28.6,13.0,87.1,5.7,26.9,66,Winter
Onion,267,33.1,66.7,28.5,16.7,20.9,46,Spring
Garlic,151,29.3,43.9,79.9,15.2,7.8,59,Winter
Chickpeas,391,0.6,30.1,62.1,5.0,12.2,57,Winter
Oats,413,19.6,24.8,44.0,10.0,4.8,36,Year-round
Onion,122,49.7,57.1,58.1,12.5,10.7,54,Fall
Banana,682,1.9,28.5,47.9,14.7,21.4,82,Winter
Zucchini,650,4.5,18.2,55.5,0.1,49.7,54,Summer
Avocado,689,35.9,53.9,22.1,10.9,29.3,13,Spring
Garlic,46,15.8,61.6,61.1,9.8,32.3,19,Summer
Blueberries,625,40.8,21.3,77.5,2.7,42.9,29,Summer
Eggplant,175,32.0,33.1,23.2,18.4,17.8,93,Spring
Yogurt,416,15.7,6.7,41.7,8.8,49.8,24,Summer
Tomato,476,44.6,53.4,97.4,13.7,45.7,86,Year-round
Chickpeas,236,32.9,28.3,35.5,10.4,0.1,24,Fall
Mushrooms,322,38.0,17.8,32.7,18.1,18.9,55,Year-round
Asparagus,12,35.7,69.7,91.0,7.2,32.0,53,Winter
Salmon,613,41.5,25.9,18.3,0.7,32.9,60,Summer
Salmon,501,12.9,17.4,40.3,9.8,43.3,66,Winter
Zucchini,224,10.1,21.5,73.6,10.1,34.0,85,Summer
Turkey,136,32.8,23.6,96.7,19.7,31.1,56,Winter
Grapes,106,32.1,7.8,93.7,2.9,37.8,57,Spring
Pumpkin,33,37.7,12.4,96.0,2.0,24.3,29,Winter
Rice,270,13.1,47.2,48.9,13.9,10.3,65,Winter
Tofu,34,46.5,29.0,81.8,13.8,26.2,31,Winter
Eggplant,319,46.4,61.7,52.8,9.1,5.6,87,Year-round
Pineapple,314,49.3,68.9,57.4,9.2,13.4,90,Summer
Asparagus,212,22.0,58.9,82.8,10.2,30.0,26,Spring
Eggplant,576,31.9,62.9,52.0,10.1,14.0,60,Fall
Egg,414,28.6,66.2,13.2,14.4,20.3,39,Year-round
Lentils,289,6.9,6.1,61.5,0.0,34.0,12,Spring
Sweet Potato,561,24.7,66.4,20.3,19.8,36.5,20,Spring
Tomato,103,39.5,52.1,28.0,15.2,42.3,31,Winter
Tomato,588,26.4,25.3,58.8,10.1,8.5,64,Winter
Spinach,205,37.0,17.7,21.7,19.2,32.9,24,Summer
Beef,152,14.2,1.2,44.7,6.0,27.5,8,Fall
Lentils,592,9.6,28.8,73.3,2.9,32.4,63,Summer
Peach,485,2.0,35.3,20.5,14.9,13.8,79,Summer
Peas,576,34.0,0.0,21.0,1.5,26.8,26,Fall
Coconut,537,28.4,18.8,11.9,16.7,8.5,43,Spring
Rice,476,10.4,63.5,66.5,7.5,1.5,57,Winter
Quinoa,634,17.4,27.6,16.9,14.5,12.7,51,Fall
Pasta,651,23.2,38.2,69.3,6.7,25.6,13,Fall
Mushrooms,480,15.6,14.0,51.2,13.2,37.6,40,Winter
Grapes,331,16.3,13.2,35.0,4.7,8.5,38,Spring
Cheese,607,42.7,42.9,39.1,8.6,24.8,25,Summer
Walnuts,665,19.2,58.9,55.1,15.2,7.4,44,Fall
Peach,472,18.7,22.1,79.7,15.0,16.3,20,Fall
Avocado,106,46.9,55.6,27.9,16.0,22.0,31,Spring
Apple,527,3.9,0.2,54.4,17.4,16.3,92,Spring
Mushrooms,204,46.7,43.3,10.0,4.7,7.7,93,Fall
Asparagus,436,45.2,20.0,93.5,14.7,32.3,43,Spring
Apple,193,43.0,30.4,72.5,1.3,8.2,34,Spring
Kiwi,399,27.8,25.0,76.2,17.9,38.1,99,Winter
Peach,322,17.2,57.7,72.7,13.2,25.5,51,Spring
Yogurt,570,49.9,13.8,21.4,2.7,42.4,83,Winter
Tofu,380,5.7,9.7,16.5,16.7,16.9,33,Fall
Eggplant,212,10.3,27.1,23.1,6.6,48.5,1,Winter
Bread,487,26.7,22.8,98.1,14.7,14.3,9,Winter
Tofu,327,31.3,67.9,25.5,19.2,2.7,1,Spring
Chicken Breast,58,23.2,11.2,49.9,12.0,31.8,53,Spring
Beef,470,29.4,41.7,0.6,19.4,0.9,56,Fall
Mushrooms,136,15.2,18.5,85.8,6.0,40.1,88,Summer
Rice,475,15.6,55.3,91.1,17.8,10.6,61,Spring
Pork,170,47.7,38.9,42.2,17.7,5.0,25,Year-round
Spinach,35,44.5,50.4,86.9,16.5,37.5,50,Spring
Chicken Breast,223,22.9,45.1,96.7,1.9,10.2,41,Summer
Banana,80,32.0,28.6,55.3,12.3,16.4,97,Spring
Sweet Potato,598,23.4,29.8,91.4,4.3,33.9,4,Fall
Turkey,344,27.8,67.1,49.9,15.5,0.5,79,Year-round
Oats,39,28.3,67.0,91.3,15.0,27.2,27,Spring
Coconut,510,34.7,23.3,14.6,2.4,15.1,95,Winter
Zucchini,421,29.3,10.8,16.7,16.6,20.4,53,Spring
Carrot,610,49.7,28.9,55.6,10.0,29.2,34,Winter
Chickpeas,82,15.4,64.1,2.8,18.4,9.6,90,Summer
Apple,606,16.8,36.8,19.3,3.0,32.7,47,Year-round
Tuna,347,37.7,2.5,60.4,18.4,36.6,16,Fall
Eggplant,210,24.1,42.8,25.2,11.6,29.0,21,Year-round
Zucchini,540,15.6,17.5,7.0,18.8,26.9,84,Fall
Carrot,231,18.5,45.6,79.9,8.1,13.2,64,Fall
Avocado,566,14.3,63.8,6.0,10.0,5.5,82,Spring
Mango,119,12.4,40.7,33.7,9.7,19.0,45,Spring
Mango,39,43.5,52.7,61.5,11.6,35.9,56,Winter
Mushrooms,693,5.3,11.4,81.7,0.1,48.0,12,Year-round
Mushrooms,87,30.2,36.1,82.4,19.6,46.3,58,Year-round
Carrot,220,17.3,21.8,1.3,7.4,4.8,62,Winter
Oats,202,4.6,23.5,91.8,19.0,43.7,59,Year-round
Grapes,273,0.6,39.7,55.7,0.3,14.7,45,Summer
Broccoli,81,44.4,1.3,91.2,11.0,1.5,41,Winter
Cheese,95,0.6,36.6,48.8,12.8,2.1,18,Summer
Salmon,313,10.1,49.4,69.2,6.1,37.8,92,Spring
Broccoli,648,27.8,48.3,55.8,15.7,23.4,56,Spring
Apple,538,31.5,53.9,57.6,18.3,43.3,98,Spring
Tuna,545,26.1,63.1,31.1,15.5,43.5,31,Fall
Kiwi,175,25.2,61.5,24.9,16.7,46.9,44,Summer
Pumpkin,546,23.3,42.9,5.6,4.1,18.4,96,Spring
Cucumber,594,8.1,36.1,42.3,10.8,21.7,58,Summer
Pork,318,9.6,42.9,60.7,10.8,28.1,18,Spring
Eggplant,351,33.7,61.4,8.5,11.5,8.4,100,Fall
Grapes,54,26.5,69.2,97.7,7.6,12.4,100,Spring
Apple,362,26.8,21.8,44.0,16.9,32.6,47,Year-round
Bell Pepper,190,20.7,6.6,29.8,8.8,18.3,84,Spring
Blueberries,163,18.5,7.5,52.3,17.3,24.3,56,Fall
Egg,552,17.0,36.9,98.9,14.9,4.4,76,Year-round
Raspberries,389,44.5,51.8,23.5,0.0,37.5,24,Fall
Garlic,226,15.7,14.7,9.5,2.7,5.5,100,Spring
Coconut,632,6.5,54.8,55.4,17.6,2.0,60,Spring
Coconut,329,19.2,26.8,1.0,10.5,25.8,96,Summer
Bell Pepper,13,1.2,18.4,82.5,0.7,20.9,35,Fall
Tomato,694,8.7,53.0,81.6,11.4,46.1,3,Summer
Blackberries,699,13.7,33.5,16.7,1.0,3.7,15,Spring
Chicken Breast,445,12.6,30.9,15.7,11.3,41.0,14,Summer
Oats,588,49.0,10.4,30.8,3.0,49.1,69,Spring
Beef,243,48.2,23.9,29.2,19.8,20.2,92,Summer
Tomato,378,12.7,45.0,1.8,19.5,22.7,62,Year-round
Pork,543,21.9,59.9,94.7,11.4,36.4,20,Fall
Grapes,430,18.7,29.8,6.9,3.8,14.9,14,Summer
Yogurt,392,31.0,26.6,47.4,4.0,50.0,23,Year-round
Broccoli,83,6.7,69.8,5.1,3.6,9.3,39,Spring
Pumpkin,233,48.7,31.5,12.0,2.0,20.8,35,Fall
Lentils,61,35.4,39.0,90.4,11.5,27.9,54,Summer
Grapes,672,33.4,34.7,62.6,9.2,27.6,59,Winter
Quinoa,141,46.6,29.1,57.2,9.4,24.5,77,Winter
Blackberries,454,31.3,19.4,62.9,19.3,25.7,97,Summer
Strawberries,340,38.6,28.3,10.1,8.8,39.5,70,Summer
Avocado,27,20.8,1.0,32.3,11.6,41.4,40,Year-round
Salmon,131,39.4,57.6,75.1,5.7,40.4,69,Fall
Quinoa,470,7.8,59.4,25.8,15.8,7.9,20,Summer
Cauliflower,197,8.5,26.9,23.8,16.3,29.4,26,Summer
Pineapple,459,17.9,64.7,93.6,4.4,37.7,9,Winter
Rice,576,38.8,47.2,84.5,10.7,13.4,26,Spring
Cucumber,311,19.4,21.7,0.6,12.6,3.1,52,Fall
Tuna,359,39.7,21.3,58.2,4.3,21.9,43,Year-round
Strawberries,243,5.2,30.6,84.3,15.8,33.5,79,Fall
Cucumber,446,6.4,54.2,31.0,6.2,33.1,25,Fall
Asparagus,364,6.8,34.2,76.1,6.9,35.1,74,Fall
Avocado,616,40.9,38.1,12.3,19.3,48.7,58,Summer
Garlic,697,9.4,52.3,20.4,18.5,10.0,62,Spring
Apple,94,5.9,40.6,69.0,18.9,7.8,42,Winter
Cheese,697,25.4,58.8,67.1,10.2,3.6,30,Summer
Walnuts,151,46.3,39.8,36.5,13.5,21.6,0,Fall
Peach,575,3.4,64.0,63.0,9.1,11.4,8,Spring
Chicken Breast,360,3.7,19.6,56.8,11.5,15.9,5,Spring
Chicken Breast,172,5.9,21.2,69.9,13.6,9.4,39,Spring
Carrot,77,24.8,9.6,94.3,11.8,46.9,25,Year-round
Pumpkin,110,28.0,12.7,97.1,18.4,8.9,16,Summer
Yogurt,159,31.6,43.5,63.1,9.7,27.9,11,Winter
Peas,500,23.6,63.4,5.9,13.2,31.1,98,Summer
Salmon,403,25.4,0.7,4.5,12.1,9.2,97,Year-round
Peach,12,7.4,41.3,55.0,17.2,5.0,23,Year-round
Zucchini,517,14.5,55.0,82.8,15.6,1.9,32,Year-round
Avocado,200,43.6,12.9,65.2,2.9,27.0,79,Fall
Pineapple,578,1.5,54.8,5.2,13.8,18.0,68,Winter
Banana,645,22.2,39.6,56.9,19.8,34.3,42,Summer
Blackberries,548,39.9,55.9,56.4,6.1,33.1,0,Summer
Tuna,175,22.0,52.1,5.2,17.5,37.7,31,Fall
Pasta,178,13.6,39.3,4.5,18.9,23.4,34,Spring
Spinach,236,15.9,54.6,94.3,17.5,40.4,23,Spring
Bread,320,30.0,7.2,47.2,18.1,37.2,29,Winter
Mushrooms,477,48.0,20.0,14.7,5.7,38.5,62,Fall
Sweet Potato,382,19.3,45.4,32.7,5.8,44.3,8,Spring
Cucumber,406,21.1,44.6,48.4,13.3,37.0,100,Summer
Oats,594,17.4,60.1,91.1,3.1,32.4,46,Winter
Pumpkin,165,38.7,16.5,20.6,6.7,24.4,48,Winter
Pineapple,21,46.0,56.3,4.7,10.9,11.3,63,Year-round
Strawberries,223,46.0,65.2,91.7,18.3,12.0,15,Winter
Salmon,636,8.9,9.4,36.5,19.5,13.8,98,Fall
Cheese,458,35.9,19.1,17.1,0.8,36.0,4,Year-round
Onion,238,45.1,41.8,1.3,5.1,27.1,34,Year-round
Bell Pepper,592,8.4,6.2,21.4,19.8,2.9,49,Summer
Kale,693,17.6,63.3,76.2,16.0,18.6,20,Spring
Pineapple,616,16.6,63.4,35.0,18.1,40.8,87,Spring
Coconut,78,45.7,19.5,10.9,9.8,15.8,34,Year-round
Sweet Potato,363,35.3,0.7,94.7,14.0,20.1,80,Summer
Egg,670,11.0,8.5,84.0,1.3,5.5,58,Winter
Tomato,44,19.7,21.1,19.1,10.0,24.9,57,Year-round
Mushrooms,653,31.8,21.7,37.3,8.9,18.5,100,Fall
Onion,593,35.1,14.0,9.5,7.1,37.8,40,Summer
Pork,392,19.0,9.1,2.0,8.0,11.4,55,Winter
Kale,88,42.4,8.5,0.4,15.7,3.6,61,Winter
Bell Pepper,170,10.6,67.7,9.8,9.0,6.6,59,Summer
Tuna,435,17.0,20.8,96.4,18.2,8.4,88,Fall
Cheese,23,12.4,48.9,19.6,0.9,17.4,25,Fall
Cucumber,493,49.4,40.3,4.4,0.8,6.5,42,Winter
Carrot,554,20.6,26.1,31.8,0.5,39.9,37,Year-round
Tomato,484,14.9,53.9,69.9,15.0,4.4,82,Summer
Carrot,515,2.4,43.3,91.2,5.5,16.9,84,Summer
Grapes,351,33.2,29.9,58.2,2.6,13.1,62,Fall
Pineapple,123,9.2,3.4,72.2,10.7,42.2,13,Fall
Mushrooms,244,8.4,64.9,65.3,19.5,29.1,25,Spring
Blackberries,98,18.9,53.0,89.6,19.6,35.6,56,Summer
Zucchini,660,28.9,1.0,65.8,11.3,29.2,73,Fall
Carrot,219,6.1,58.6,30.1,13.2,38.5,66,Spring
Blackberries,177,32.5,24.0,84.3,4.6,45.2,13,Winter
Pumpkin,577,9.7,59.9,54.3,10.4,48.1,35,Winter
Peas,282,46.4,0.8,34.6,10.4,35.7,77,Fall
Apple,153,18.7,7.1,32.0,12.5,12.4,28,Fall
Pork,644,18.1,60.1,13.0,12.5,29.4,75,Year-round
Beef,400,19.3,17.4,17.7,16.6,43.6,52,Winter
Tofu,258,46.9,7.7,10.5,12.1,49.9,77,Summer
Apple,375,30.6,47.7,99.4,13.3,35.5,80,Spring
Pumpkin,365,24.2,46.5,53.9,9.9,40.5,46,Fall
Garlic,567,26.7,15.4,67.3,7.3,9.5,89,Winter
Sweet Potato,313,8.9,27.0,28.6,18.1,1.8,22,Spring
Walnuts,289,24.4,66.8,53.5,14.8,12.7,22,Summer
Spinach,165,25.0,36.0,14.8,9.8,29.3,8,Year-round
Garlic,404,11.1,37.9,97.2,19.6,34.9,97,Summer
Kiwi,640,40.8,1.5,35.2,4.8,42.4,7,Summer
Chicken Breast,399,44.2,34.8,45.7,13.0,2.0,95,Fall
Pumpkin,444,45.9,25.6,98.9,8.4,47.6,83,Year-round
Sweet Potato,683,10.5,4.5,77.5,19.3,47.2,66,Year-round
Strawberries,86,4.2,55.9,64.6,19.1,49.5,11,Winter
Turkey,305,43.2,13.8,45.4,19.7,23.8,59,Year-round
Pineapple,621,24.3,18.0,99.0,9.3,47.7,77,Winter
Banana,275,34.2,8.0,53.3,17.3,16.1,39,Spring
Grapes,419,45.3,5.7,8.6,12.3,8.2,85,Fall
Garlic,26,9.8,11.6,9.3,1.5,38.0,31,Fall
Strawberries,260,19.5,5.3,66.7,17.6,27.4,72,Spring
Potato,120,29.6,57.4,16.3,16.3,21.4,94,Spring
Tomato,219,15.5,26.4,56.5,11.0,41.9,19,Year-round
Asparagus,205,47.7,24.8,10.4,9.7,2.3,72,Fall
Beef,572,42.0,24.7,53.7,9.3,18.6,7,Summer
Apple,57,44.4,28.3,52.0,13.2,43.7,67,Winter
Peach,639,18.3,25.0,81.3,8.4,38.0,74,Fall
Bread,122,49.5,26.5,84.8,12.3,49.5,63,Winter
Raspberries,344,33.3,15.1,17.4,16.5,46.3,14,Fall
Potato,139,18.3,32.4,60.1,6.2,17.7,28,Spring
Potato,625,12.3,13.3,37.5,14.9,33.1,57,Summer
Onion,582,44.5,0.3,50.6,18.6,3.1,86,Spring
Garlic,253,43.1,28.3,77.5,14.9,46.2,39,Spring
Turkey,204,31.2,36.7,57.1,9.7,9.5,98,Spring
Chickpeas,165,10.2,39.6,83.9,12.7,40.5,80,Fall
Rice,22,49.0,27.1,57.9,16.7,33.8,65,Year-round
Mushrooms,572,42.6,68.0,52.9,6.3,0.7,1,Year-round
Spinach,650,8.8,63.1,98.6,7.2,22.1,73,Year-round
Walnuts,463,7.4,62.9,33.9,12.3,31.5,56,Spring
Kiwi,438,31.4,58.8,19.7,4.5,12.2,53,Summer
Salmon,488,22.2,64.6,24.8,7.8,6.1,28,Winter
Chicken Breast,543,46.1,65.1,4.9,12.6,32.6,53,Winter
Chicken Breast,321,45.2,57.5,76.3,19.8,23.6,13,Spring
Yogurt,116,19.6,52.9,61.4,2.7,3.7,75,Summer
Oats,649,24.0,31.2,53.2,11.0,49.5,99,Winter
Pineapple,196,45.5,66.0,56.9,2.9,19.4,93,Year-round
Turkey,646,49.4,7.0,36.8,1.0,1.4,30,Fall
Avocado,485,16.5,28.4,41.2,2.7,16.9,27,Spring
Yogurt,665,28.2,68.7,60.8,7.3,8.1,69,Fall
Onion,659,3.9,22.4,58.6,5.9,6.8,35,Spring
Peach,334,39.0,13.7,56.0,6.3,11.0,92,Winter
Coconut,476,19.6,18.8,8.7,14.9,13.5,43,Winter
Eggplant,664,42.5,39.5,31.3,10.9,24.7,8,Fall
Turkey,187,42.2,6.3,8.6,14.9,42.5,14,Winter
Cauliflower,424,43.5,9.5,38.4,10.5,40.9,94,Year-round
Broccoli,636,49.9,52.3,39.7,17.3,41.7,77,Fall
Asparagus,24,8.4,23.9,8.2,12.1,12.9,86,Spring
Apple,330,37.3,37.7,0.5,18.6,31.6,58,Summer
Kale,460,44.0,2.7,20.8,5.4,11.7,16,Winter
Asparagus,360,5.1,19.5,52.6,7.3,20.7,19,Fall
Bell Pepper,354,39.0,56.7,98.9,9.3,33.7,92,Spring
Bread,581,1.2,61.0,52.2,5.0,48.6,67,Year-round
Mushrooms,80,28.9,34.5,34.2,19.9,45.2,29,Summer
Zucchini,181,48.9,68.6,34.5,4.4,28.4,62,Year-round
Apple,258,17.3,2.8,43.7,4.1,9.8,60,Year-round
Pasta,434,34.1,31.8,89.0,10.8,23.9,87,Year-round
Garlic,451,25.1,62.1,85.9,9.9,5.0,74,Fall
Cheese,503,36.9,37.1,60.9,17.0,50.0,46,Spring
Lentils,196,33.8,59.2,25.1,16.3,38.2,9,Winter
Blackberries,464,23.0,1.7,99.9,17.2,19.2,54,Winter
Blackberries,299,20.8,34.8,20.8,11.5,48.1,60,Winter
Cheese,625,30.5,57.4,89.3,1.4,35.8,66,Fall
Onion,254,21.9,33.4,61.1,19.9,28.8,57,Year-round
Pineapple,503,17.8,56.8,57.6,15.2,48.0,0,Winter
Avocado,337,2.1,64.9,17.1,16.0,3.4,16,Summer
Quinoa,341,15.9,42.4,0.3,7.1,30.7,87,Year-round
Egg,456,12.9,66.4,25.5,0.7,27.4,12,Year-round
Carrot,451,32.9,45.9,54.1,11.7,5.2,37,Spring
Peach,309,14.9,30.8,24.9,6.7,2.1,0,Summer
Chicken Breast,113,25.6,63.8,72.1,15.6,19.3,53,Year-round
Coconut,63,37.1,34.5,15.9,12.0,28.0,45,Spring
Turkey,504,20.6,41.2,84.3,9.0,25.9,44,Summer
Eggplant,108,47.8,62.4,33.1,3.1,30.4,94,Year-round
Carrot,479,33.9,12.7,55.7,14.3,22.6,73,Spring
Pork,135,45.7,16.4,17.1,8.4,10.9,32,Winter
Kiwi,321,31.5,21.9,81.4,19.3,2.7,50,Winter
Strawberries,637,31.4,11.3,90.4,18.6,39.7,18,Spring
Kale,317,35.3,26.7,51.9,3.5,29.9,90,Fall
Cheese,603,38.6,25.4,84.4,5.7,34.9,96,Summer
Apple,368,40.5,42.6,88.5,13.2,16.2,6,Winter
Kiwi,530,42.2,42.6,53.8,11.0,30.1,34,Year-round
Rice,267,6.5,34.8,76.4,9.7,11.1,62,Year-round
Pasta,294,17.4,56.1,80.8,1.3,1.4,23,Summer
Bell Pepper,681,0.6,7.8,46.5,14.7,2.8,16,Winter
Cheese,433,23.4,36.1,23.5,5.0,41.2,68,Winter
Sweet Potato,23,24.4,62.2,78.7,10.7,49.2,76,Year-round
Bell Pepper,310,4.4,49.7,39.0,9.7,21.0,69,Fall
Kale,488,23.1,23.8,41.4,18.9,9.1,12,Year-round
Turkey,530,2.3,49.6,93.3,18.2,33.6,63,Year-round
Salmon,519,11.7,42.5,13.9,17.7,21.3,36,Summer
Mango,306,48.1,40.2,86.6,13.4,27.7,99,Year-round
Mango,212,42.4,17.6,99.3,0.3,48.8,44,Spring
Strawberries,274,1.0,6.3,39.2,20.0,30.6,28,Fall
Eggplant,565,13.0,32.6,33.8,18.5,16.0,9,Spring
Asparagus,395,29.5,67.9,29.7,19.1,21.9,48,Fall
Chicken Breast,344,48.5,38.6,64.7,10.4,31.8,1,Winter
Carrot,622,27.6,6.7,74.1,11.7,19.5,27,Year-round
Pasta,63,15.5,5.5,99.6,11.9,11.5,61,Winter
Chicken Breast,88,17.5,20.1,84.7,10.6,25.5,87,Year-round
Peach,341,2.0,64.4,9.5,7.8,26.1,67,Winter
Tofu,238,47.2,39.0,86.6,11.3,26.2,78,Summer
Banana,382,19.8,65.4,67.1,18.4,47.7,38,Year-round
Peas,677,49.5,11.2,38.6,12.9,41.6,13,Summer
Spinach,516,16.0,38.6,20.8,4.8,45.8,49,Year-round
Coconut,89,21.3,17.7,4.5,2.0,4.3,14,Summer
Mushrooms,628,27.2,53.0,68.8,14.3,32.7,52,Spring
Tuna,539,24.7,26.5,32.3,11.3,29.2,26,Winter
Turkey,487,25.9,33.1,85.0,4.3,40.0,99,Fall
Chickpeas,213,41.1,27.8,42.8,8.3,40.3,56,Fall
Asparagus,534,7.5,42.6,67.2,0.4,4.6,13,Year-round
Tuna,155,20.9,61.6,18.4,13.9,32.5,17,Fall
Bell Pepper,38,45.2,43.8,51.0,12.5,12.1,82,Spring
Chicken Breast,282,42.5,48.0,95.8,17.8,41.5,24,Winter
Lentils,328,50.0,59.0,2.0,8.6,47.2,57,Winter
Kale,419,3.8,37.5,72.1,16.2,38.8,58,Summer
Walnuts,129,7.0,37.2,79.2,2.2,3.3,3,Fall
Peach,617,13.4,57.1,7.1,0.8,4.8,40,Summer
Blackberries,388,45.9,25.2,75.0,5.7,13.9,4,Spring
Chicken Breast,162,22.0,2.7,32.6,5.4,4.1,67,Spring
Banana,45,33.1,13.1,17.3,16.5,14.9,36,Fall
Zucchini,19,15.8,2.6,20.4,11.2,47.5,51,Year-round
Rice,61,4.8,56.7,79.4,17.3,6.1,58,Summer
Quinoa,141,33.5,23.5,71.9,3.2,27.1,22,Fall
Quinoa,357,31.3,7.5,43.3,10.4,15.5,11,Fall
Banana,572,16.5,56.9,49.1,5.5,17.7,74,Summer
Mango,78,2.6,42.5,59.1,6.9,11.0,1,Year-round
Cucumber,613,10.0,11.4,55.0,11.5,36.6,70,Spring
Walnuts,180,21.0,43.9,36.6,3.0,6.6,57,Summer
Garlic,19,34.2,59.6,70.5,6.8,46.5,39,Winter
Egg,116,30.4,50.5,48.4,7.5,15.6,13,Spring
Pumpkin,624,24.8,8.9,88.2,3.0,16.9,59,Winter
Mushrooms,698,8.4,7.3,32.7,7.0,40.6,2,Year-round
Asparagus,289,33.9,6.3,36.5,7.3,23.6,24,Summer
Beef,354,19.6,45.5,22.1,5.5,24.4,59,Winter
Banana,228,34.7,63.6,30.4,16.0,32.7,6,Fall
Lentils,510,26.5,4.4,30.9,2.2,35.7,55,Summer
Blueberries,425,0.2,50.7,3.8,7.4,47.9,94,Summer
Chicken Breast,686,5.0,48.6,32.3,4.4,43.5,43,Fall
Bell Pepper,40,43.5,4.0,28.7,11.4,15.9,33,Spring
Tofu,473,49.5,22.4,98.9,17.7,31.6,98,Year-round
Chickpeas,571,30.0,7.9,13.0,8.6,14.1,15,Year-round
Tofu,551,30.2,1.2,45.0,2.1,49.2,44,Fall
Garlic,470,43.2,32.4,33.9,6.7,2.0,24,Spring
Chickpeas,30,47.0,18.0,79.7,15.0,27.7,20,Fall
Avocado,496,49.5,18.5,6.1,3.0,46.7,55,Winter
Grapes,539,46.1,38.3,23.4,19.9,23.5,43,Spring
Kale,91,44.2,36.2,69.9,9.0,24.9,55,Spring
Tuna,76,12.5,53.8,28.8,3.5,42.2,12,Fall
Pineapple,24,29.6,43.1,68.9,19.9,17.1,89,Summer
Yogurt,657,37.0,34.5,54.7,5.3,32.7,25,Fall
Chicken Breast,666,20.8,22.7,18.2,10.1,38.3,69,Summer
Zucchini,530,41.2,27.9,23.7,7.4,42.4,33,Winter
Mango,213,35.7,62.7,0.3,11.3,14.5,26,Summer
Bread,450,36.8,57.1,55.5,17.9,16.4,38,Spring
Bread,328,45.0,49.2,98.7,1.4,35.6,81,Summer
Mango,533,7.9,24.5,95.1,7.7,39.0,15,Year-round
Carrot,116,13.1,56.2,3.7,11.6,5.2,61,Year-round
Onion,214,31.7,6.5,67.5,5.7,15.0,3,Spring
Walnuts,181,12.6,13.8,59.0,16.5,12.1,65,Spring
Beef,505,46.1,50.2,54.4,3.2,15.6,4,Fall
Spinach,609,16.1,32.6,57.3,14.1,49.3,65,Spring
Walnuts,670,44.2,66.4,26.9,10.2,9.2,42,Summer
Beef,16,0.9,50.6,77.1,18.5,50.0,5,Fall
Lentils,109,42.6,15.7,16.3,14.2,36.6,93,Fall
Bell Pepper,13,49.0,47.7,89.3,8.4,48.6,8,Summer
Egg,414,41.0,31.3,60.8,5.5,13.2,16,Summer
Blueberries,566,28.5,65.9,13.7,16.8,18.1,25,Summer
Avocado,609,9.4,48.4,67.7,1.9,40.9,0,Fall
Mango,693,36.2,33.4,5.2,2.6,15.5,92,Year-round
Blueberries,52,5.1,24.5,6.1,3.9,39.5,30,Winter
Chickpeas,382,9.8,41.7,33.9,10.0,14.4,77,Spring
Lentils,276,20.6,31.6,31.5,8.6,33.6,7,Summer
Mushrooms,408,13.5,10.1,88.2,9.8,36.9,7,Year-round
Grapes,638,24.7,30.4,91.5,1.4,19.5,33,Year-round
Egg,387,6.5,45.2,18.2,6.0,10.2,48,Winter
Cauliflower,591,38.2,60.6,45.9,16.8,37.7,72,Spring
Avocado,422,45.8,49.5,60.9,19.0,16.5,30,Year-round
Avocado,48,15.1,6.3,32.8,3.1,27.3,90,Winter
Rice,311,19.9,34.1,24.7,10.5,11.2,8,Fall
Zucchini,91,10.8,67.6,2.7,1.3,11.0,93,Year-round
Kale,189,29.7,62.2,74.5,1.4,40.4,14,Spring
Broccoli,266,36.0,21.7,85.5,17.1,10.7,97,Summer
Apple,289,20.3,46.8,69.1,16.7,4.3,71,Year-round
Peach,599,9.6,32.2,95.8,12.1,8.3,93,Summer
Blackberries,90,22.8,29.8,52.1,2.6,20.2,83,Fall
Potato,520,40.1,53.9,99.9,17.9,33.3,52,Summer
Banana,556,10.2,62.1,39.7,8.5,8.8,62,Spring
Coconut,445,0.9,55.1,50.0,16.5,18.4,38,Fall
Strawberries,569,26.9,19.7,61.9,15.0,5.1,28,Year-round
Oats,156,36.7,44.6,31.6,6.6,34.4,98,Fall
Salmon,192,37.3,48.5,49.3,14.6,15.9,81,Summer
Salmon,402,43.1,44.7,0.8,4.6,43.8,20,Summer
Asparagus,110,23.6,51.9,26.9,6.0,24.0,65,Winter
Eggplant,524,38.6,34.4,79.2,4.6,0.9,70,Year-round
Walnuts,268,8.6,46.7,62.1,13.9,21.3,11,Year-round
Yogurt,609,11.3,38.9,87.2,18.3,31.5,76,Fall
Apple,137,18.2,10.0,78.1,10.4,26.9,60,Fall
Cucumber,454,40.2,49.0,93.6,13.5,40.5,41,Summer
Bread,16,39.4,8.0,59.4,4.3,1.0,14,Fall
Raspberries,152,27.3,67.9,35.6,2.7,26.4,63,Year-round
Strawberries,109,40.0,24.0,70.3,10.4,47.8,35,Spring
Kiwi,345,6.4,65.6,12.2,4.8,9.3,3,Year-round
Bell Pepper,396,38.5,52.7,11.3,0.0,9.0,53,Spring
Bell Pepper,30,12.4,40.3,94.2,13.5,14.9,36,Year-round
Quinoa,644,49.8,46.2,69.0,9.2,28.5,75,Year-round
Strawberries,207,46.5,66.1,11.4,19.1,22.5,62,Year-round
Tomato,435,11.9,36.9,48.9,0.1,49.2,32,Winter
Salmon,644,6.1,36.3,85.5,14.1,46.6,75,Winter
Grapes,165,49.2,11.3,24.7,2.2,31.9,58,Fall
Walnuts,501,27.8,35.1,37.5,14.0,0.7,76,Spring
Onion,296,30.7,46.0,84.1,5.3,27.8,12,Winter
Carrot,633,37.2,6.1,89.3,17.3,11.7,86,Fall
Cheese,267,34.7,7.9,22.6,11.9,20.2,24,Summer
Pineapple,544,39.2,13.7,28.2,1.0,7.5,91,Year-round
Cucumber,23,33.4,56.7,94.4,17.9,27.2,42,Spring
Carrot,533,29.3,7.2,86.9,2.8,49.8,14,Winter
Cucumber,573,19.7,48.5,92.8,3.5,4.0,61,Spring
Walnuts,391,15.6,67.2,83.7,0.0,34.9,43,Spring
Sweet Potato,134,4.5,55.8,53.8,4.0,26.6,22,Fall
Blueberries,658,19.7,63.0,35.4,7.0,16.3,51,Summer
Egg,245,5.8,29.3,72.2,1.0,47.7,56,Winter
Tuna,182,15.7,5.7,71.4,6.9,30.8,74,Year-round
Zucchini,654,42.5,1.9,29.5,12.7,26.8,6,Fall
Garlic,482,29.6,21.4,15.1,6.4,30.8,36,Winter
Chickpeas,317,11.1,20.8,68.4,4.9,24.3,18,Winter
Asparagus,511,17.6,58.1,57.4,13.6,4.1,16,Winter
Kale,386,42.8,12.9,84.4,6.4,38.5,65,Summer
Cauliflower,90,43.3,43.7,48.0,8.7,24.9,84,Year-round
Zucchini,116,48.0,69.6,76.3,2.8,41.7,2,Winter
Broccoli,286,48.8,63.5,96.4,8.9,37.2,4,Summer
Oats,174,47.1,50.8,92.8,5.4,2.1,55,Year-round
Tomato,140,36.7,42.4,75.3,7.9,14.4,83,Fall
Pasta,226,45.2,1.5,82.8,12.1,32.3,55,Summer
Egg,484,39.5,67.2,99.3,14.5,23.4,32,Fall
Raspberries,294,8.6,42.8,10.2,9.4,2.1,56,Year-round
Coconut,428,20.1,47.3,7.8,9.0,6.2,24,Year-round
Cauliflower,567,27.3,45.2,36.9,4.8,4.8,66,Winter
Turkey,70,32.0,24.9,81.0,3.7,42.5,99,Fall
Turkey,481,8.0,37.7,24.1,18.2,38.7,84,Spring
Tofu,533,10.3,1.0,89.2,3.4,37.6,8,Fall
Tofu,688,2.2,62.5,40.8,4.1,21.6,15,Fall
Peach,366,12.9,49.4,18.0,1.4,39.0,96,Winter
Kale,438,24.8,57.1,70.8,19.7,42.5,56,Winter
Cauliflower,78,3.1,65.8,26.8,8.3,12.2,68,Spring
Blueberries,468,31.3,24.5,23.0,6.4,12.9,90,Winter
Eggplant,602,41.7,67.6,74.5,7.8,7.0,91,Year-round
Chicken Breast,353,38.9,15.6,17.2,6.3,20.1,76,Fall
Pasta,535,44.9,11.9,89.7,12.9,36.9,67,Winter
Pineapple,212,27.6,59.1,11.1,9.4,0.3,78,Winter
Kiwi,307,32.0,26.4,63.7,0.7,27.3,19,Summer
Banana,643,6.1,8.2,50.4,12.9,45.6,9,Summer
Strawberries,415,44.1,64.5,82.2,1.2,7.1,34,Spring
Grapes,440,44.8,36.8,17.5,17.4,25.5,27,Summer
Potato,564,15.8,18.2,97.8,5.9,11.1,90,Spring
Sweet Potato,154,15.4,68.7,50.3,1.3,15.6,11,Summer
Raspberries,693,40.5,68.0,73.0,9.9,18.7,10,Winter
Eggplant,365,12.9,45.5,94.9,1.5,28.3,71,Summer
Oats,365,11.1,20.6,3.0,10.1,30.7,88,Spring
Spinach,617,20.5,59.2,37.4,13.1,47.8,34,Year-round
Cheese,574,20.7,32.3,1.0,6.9,16.6,0,Fall
Pasta,290,33.8,45.4,66.0,11.0,45.0,18,Fall
Pasta,49,33.2,4.8,7.0,0.1,7.2,44,Winter
Kale,262,6.4,35.5,62.5,16.1,40.4,27,Winter
Carrot,302,14.5,2.7,8.4,11.0,6.2,12,Winter
Walnuts,544,49.8,29.3,5.1,6.8,40.2,40,Year-round
Sweet Potato,287,16.0,8.4,72.7,1.7,24.7,34,Summer
Eggplant,252,41.4,15.9,23.2,16.4,31.1,22,Year-round
Strawberries,606,0.6,58.2,54.0,13.0,31.8,79,Fall
Blackberries,622,47.4,2.8,86.2,17.9,1.6,74,Summer
Kale,593,24.4,11.5,16.7,16.5,1.0,53,Spring
Kiwi,88,38.8,41.2,39.7,8.4,14.5,88,Year-round
Chickpeas,568,13.4,37.6,5.4,16.7,0.4,6,Summer
Yogurt,222,37.3,7.8,16.4,16.8,30.3,30,Summer
Bread,359,10.2,11.8,66.7,3.1,0.6,74,Spring
Blackberries,136,42.9,32.8,91.8,5.6,15.2,91,Spring
Coconut,651,4.2,14.6,16.5,15.8,41.0,74,Winter
Grapes,539,47.2,65.4,27.0,4.1,39.7,11,Winter
Peach,50,2.2,36.6,59.4,6.2,23.1,5,Summer
Eggplant,60,43.2,30.7,65.0,14.4,24.5,80,Winter
Cheese,388,26.6,32.3,69.5,6.5,29.7,39,Summer
Pumpkin,212,31.5,5.5,1.2,7.2,15.3,60,Year-round
Avocado,117,46.4,34.4,12.2,11.1,3.1,65,Winter
Tuna,129,24.5,41.9,25.3,9.0,4.3,40,Spring
Broccoli,329,28.7,62.4,8.2,17.8,4.8,15,Summer
Turkey,578,26.3,22.9,99.7,10.2,11.4,67,Spring
Pasta,571,46.3,1.6,15.1,14.0,15.1,70,Fall
Peach,71,35.2,25.8,41.3,7.5,36.1,10,Summer
Avocado,260,46.2,28.9,49.4,15.2,24.0,60,Fall
Pineapple,451,11.9,20.5,18.5,2.3,42.3,63,Summer
Asparagus,457,29.2,1.6,86.1,1.0,15.9,56,Summer
Bell Pepper,350,33.0,15.2,59.1,19.2,39.9,94,Year-round
Beef,677,1.7,13.2,80.1,9.8,42.2,65,Fall
Banana,544,15.0,12.1,40.1,10.4,38.7,39,Spring
Yogurt,511,18.9,63.2,19.9,8.3,45.4,0,Winter
Broccoli,574,46.8,17.7,45.2,2.8,18.6,94,Year-round
Pumpkin,100,32.6,17.5,39.1,14.1,5.3,68,Summer
Oats,357,11.6,37.1,47.7,0.3,22.9,24,Winter
Cucumber,362,43.8,63.5,60.6,8.7,11.6,5,Winter
Pasta,663,35.4,15.3,11.8,19.6,48.4,68,Summer
Bread,421,7.9,35.8,11.5,6.0,49.9,22,Year-round
Bread,157,39.1,57.0,21.5,9.6,27.5,36,Summer
Bell Pepper,15,13.7,55.9,59.9,15.7,40.9,3,Year-round
Garlic,353,38.9,65.1,25.7,3.7,34.2,26,Fall
Walnuts,34,30.8,5.7,18.6,19.2,30.7,83,Summer
Cauliflower,343,11.7,34.1,67.0,6.5,14.3,27,Year-round
Beef,502,45.9,53.7,78.3,2.7,27.4,46,Spring
Broccoli,57,9.9,17.1,22.6,11.0,5.0,43,Spring
Potato,77,47.1,12.3,4.3,17.7,9.9,41,Fall
Blueberries,391,43.6,32.9,14.1,2.2,23.9,77,Summer
Blueberries,222,37.4,28.9,50.2,19.0,23.0,41,Spring
Bell Pepper,263,5.6,59.5,50.4,11.9,29.0,91,Summer
Beef,425,37.6,31.1,29.1,15.4,4.4,58,Spring
Pasta,315,41.3,24.2,47.3,14.4,26.9,42,Winter
Bread,432,29.6,20.7,8.7,4.9,42.6,9,Winter
Kiwi,274,36.9,44.5,58.6,10.3,11.4,86,Year-round
Potato,356,23.1,16.4,40.8,18.7,13.4,1,Fall
Bell Pepper,56,21.0,30.4,95.1,15.7,15.7,60,Summer
Chickpeas,126,21.4,37.6,28.0,10.1,20.3,25,Year-round
Zucchini,140,30.4,50.3,4.1,11.0,16.8,17,Spring
Cauliflower,181,31.7,64.4,23.7,18.6,13.6,52,Year-round
Chickpeas,208,7.4,7.8,90.2,12.7,34.4,76,Year-round
Banana,618,35.7,22.4,11.7,9.3,43.6,9,Spring
Asparagus,486,21.0,35.5,94.3,2.5,42.2,91,Fall
Beef,401,15.5,15.7,88.2,8.0,38.1,8,Summer
Pork,447,14.7,44.3,47.1,4.0,7.0,93,Summer
Bread,318,39.1,43.7,72.2,16.2,38.5,0,Summer
Spinach,97,17.0,48.2,37.2,2.1,20.2,67,Summer
Tomato,543,6.3,47.8,16.4,3.2,5.0,46,Summer
Yogurt,482,27.7,49.4,19.8,13.9,20.2,15,Summer
Chicken Breast,268,12.6,11.5,38.1,16.5,18.0,18,Spring
Blueberries,640,26.1,48.8,59.8,14.6,39.6,94,Winter
Beef,116,28.2,69.7,18.6,10.4,34.3,60,Fall
Pasta,498,22.1,38.4,64.9,7.4,16.7,9,Summer
Salmon,338,22.7,62.5,6.7,17.7,39.8,12,Spring
Banana,377,19.3,51.9,50.8,3.9,3.8,87,Winter
Raspberries,580,42.2,20.0,21.2,10.7,45.0,41,Spring
Potato,302,36.2,61.2,57.1,11.6,41.9,19,Spring
Bell Pepper,207,7.6,63.4,14.3,4.8,49.1,58,Year-round
Walnuts,479,16.7,18.6,68.3,15.9,38.9,32,Spring
Avocado,518,42.5,17.4,96.8,6.1,30.4,82,Fall
Cheese,173,0.9,69.0,93.3,1.7,3.1,3,Summer
Beef,550,23.5,61.3,98.5,13.7,2.6,4,Summer
Avocado,236,24.3,42.5,48.5,0.5,10.5,21,Spring
Kale,57,44.8,18.0,17.3,18.2,40.5,82,Summer
Zucchini,116,30.7,55.1,22.9,1.7,49.6,24,Year-round
Blackberries,191,18.9,37.1,45.4,4.6,46.6,39,Winter
Blackberries,614,43.5,39.2,37.4,19.1,12.6,12,Fall
Potato,232,18.9,26.4,30.1,17.9,27.7,95,Year-round
Tomato,442,12.2,0.6,43.3,10.4,37.4,6,Spring
Rice,428,48.4,27.1,73.6,14.3,37.0,79,Fall
Cheese,44,16.3,12.6,87.8,0.8,10.9,77,Summer
Tuna,30,48.0,36.9,14.5,1.2,12.0,73,Summer
Asparagus,413,47.8,44.4,29.2,2.8,44.6,5,Spring
Egg,477,19.2,28.5,78.0,8.3,16.2,43,Spring
Tomato,687,40.6,34.2,98.0,19.7,17.0,40,Year-round
Mango,500,44.2,2.5,26.5,17.6,12.0,96,Spring
Cheese,112,48.1,36.5,14.6,8.6,46.1,9,Year-round
Pasta,39,9.7,50.2,70.8,10.2,32.4,16,Spring
Bread,13,3.4,38.3,48.3,2.2,46.1,37,Spring
Garlic,93,44.2,8.0,73.5,1.0,26.6,42,Winter
Tomato,648,9.0,3.4,79.0,14.4,37.5,87,Spring
Potato,111,21.6,68.7,4.4,16.9,37.6,6,Fall
Eggplant,26,45.5,18.4,97.7,4.1,35.1,79,Spring
Avocado,73,40.4,44.9,41.6,19.7,46.7,79,Summer
Turkey,268,30.0,23.9,51.2,10.9,17.8,37,Fall
Kale,248,16.2,53.9,8.4,15.2,46.0,71,Summer
Yogurt,72,15.4,11.2,17.3,11.4,9.7,20,Spring
Raspberries,574,0.6,30.2,93.6,11.8,49.1,36,Fall
Mushrooms,435,38.2,57.4,73.4,18.0,38.5,99,Year-round
Garlic,572,26.6,29.9,45.4,2.5,44.0,71,Spring
Bell Pepper,431,49.7,29.7,4.8,5.0,10.1,23,Summer
Turkey,532,31.1,5.2,95.9,15.4,20.8,35,Summer
Mushrooms,407,16.1,62.4,67.3,11.9,18.4,33,Spring
Zucchini,279,1.9,10.1,14.9,5.7,25.1,0,Fall
Mushrooms,637,30.9,60.3,58.7,16.2,13.5,86,Winter
Cauliflower,643,10.4,19.6,23.6,13.4,14.0,13,Fall
Strawberries,54,42.1,64.0,97.4,7.1,8.3,34,Fall
Egg,434,35.6,19.7,35.3,7.5,2.5,30,Year-round
Banana,331,21.4,6.0,62.4,15.2,20.5,33,Summer
Bell Pepper,194,4.6,31.6,85.0,13.0,7.7,31,Year-round
Eggplant,177,29.1,45.2,87.4,19.5,24.0,27,Summer
Salmon,497,14.7,3.8,35.7,13.8,39.8,53,Year-round
Avocado,387,15.0,50.1,56.0,19.8,11.1,100,Spring
Quinoa,125,35.0,34.0,86.2,17.6,32.0,70,Year-round
Pumpkin,153,41.6,44.9,37.1,14.9,46.6,39,Winter
Pork,384,34.8,9.7,4.3,1.9,13.5,23,Winter
Kale,146,4.9,59.6,14.5,6.8,9.4,7,Year-round
Chickpeas,359,31.3,16.2,8.1,11.3,40.0,50,Winter
Chickpeas,435,24.5,33.0,7.8,5.9,11.9,28,Winter
Egg,604,23.9,58.4,83.4,0.5,24.7,24,Year-round
Yogurt,123,33.5,28.6,43.3,8.7,39.9,43,Spring
Pasta,95,46.9,20.1,92.1,8.9,24.4,43,Year-round
Peach,650,8.1,46.1,36.8,12.5,8.8,79,Summer
Cheese,74,5.9,52.9,19.4,1.9,22.4,78,Year-round
Pineapple,671,0.6,20.8,84.2,2.9,31.4,73,Fall
Cauliflower,657,44.6,69.3,96.7,18.1,42.5,63,Summer
Salmon,615,28.2,20.1,42.1,15.6,16.0,1,Winter
Broccoli,66,45.0,57.3,61.8,17.5,36.6,95,Summer
Mango,456,49.9,28.8,7.5,2.6,13.1,97,Spring
Garlic,42,12.2,0.7,16.9,17.9,30.9,26,Summer
Quinoa,562,46.5,20.3,34.0,18.5,22.0,32,Fall
Blueberries,97,8.0,26.5,38.7,12.2,40.3,64,Fall
Carrot,680,1.6,57.3,50.4,10.5,36.0,82,Summer
Walnuts,200,7.2,28.1,13.3,11.6,39.8,29,Spring
Asparagus,433,43.7,33.7,52.8,0.8,21.6,39,Year-round
Mushrooms,156,43.8,4.0,88.3,0.4,14.1,51,Spring
Asparagus,422,1.3,24.1,1.3,1.6,12.2,51,Spring
Egg,599,42.1,39.9,70.2,18.4,9.5,68,Winter
Mushrooms,525,43.1,49.0,44.6,17.8,16.3,4,Year-round
Tofu,543,39.2,3.7,0.1,2.8,21.9,62,Winter
Salmon,161,10.1,29.9,38.0,9.9,29.6,84,Winter
Kale,595,8.6,52.4,5.2,15.5,37.0,3,Summer
Mango,465,1.5,56.9,32.6,11.6,11.3,89,Year-round
Tofu,419,42.6,2.2,40.5,19.0,34.2,71,Spring
Raspberries,496,9.3,48.9,94.6,6.1,38.0,0,Spring
Quinoa,540,31.9,66.4,14.8,5.2,17.8,59,Fall
Mango,441,49.6,5.7,45.0,15.3,31.7,25,Spring
Quinoa,666,0.5,69.1,60.4,20.0,23.0,80,Year-round
Pineapple,315,39.6,43.8,98.0,4.8,41.3,66,Spring
Peas,365,32.5,66.4,39.3,13.1,49.2,61,Winter
Garlic,614,42.7,59.7,3.2,3.9,9.5,38,Fall
Yogurt,165,21.2,16.2,67.3,10.5,20.8,46,Fall
Asparagus,685,30.3,20.1,29.5,0.4,36.1,86,Summer
Sweet Potato,342,8.9,57.0,36.1,19.1,43.5,92,Winter
Peach,458,3.4,40.9,18.6,0.9,12.1,18,Fall
Pork,424,27.8,66.5,79.3,14.1,40.0,26,Year-round
Mushrooms,516,26.0,55.8,73.5,1.9,16.1,75,Winter
Walnuts,22,7.4,63.0,56.0,12.1,9.3,61,Spring
Garlic,114,16.7,21.5,88.5,10.3,28.0,45,Winter
Peas,632,28.2,60.0,9.5,18.2,42.6,78,Summer
Coconut,19,40.7,20.4,58.2,15.1,8.9,61,Winter
Mango,452,43.6,1.2,31.0,9.7,45.0,67,Summer
Oats,192,3.1,59.8,14.9,9.5,12.4,59,Fall
Tofu,314,5.1,36.5,16.7,3.3,9.9,48,Year-round
Bell Pepper,524,9.4,33.3,2.4,2.0,30.6,39,Year-round
Mango,117,35.9,69.2,88.0,11.5,37.1,37,Fall
Pork,102,47.1,54.3,24.9,17.1,36.7,24,Summer
Blueberries,356,20.8,66.6,76.6,15.9,35.1,56,Summer
Asparagus,341,40.1,61.2,86.1,8.4,20.7,16,Fall
Spinach,350,35.6,17.2,64.7,9.2,20.8,25,Fall
Pineapple,633,11.2,10.1,87.4,19.1,20.0,29,Year-round
Blackberries,399,16.4,42.6,32.5,18.4,48.8,93,Summer
Broccoli,260,47.9,10.3,20.9,16.8,38.5,61,Fall
Peas,143,36.5,57.0,19.7,6.8,19.7,41,Spring
Carrot,169,44.3,3.1,48.7,19.5,21.2,85,Summer
Turkey,177,20.0,33.0,26.7,15.4,5.1,4,Year-round
Kale,425,14.7,2.3,0.8,18.4,44.4,34,Winter
Egg,36,19.7,55.5,63.4,8.1,29.5,52,Year-round
Garlic,123,35.6,67.1,39.0,0.2,11.3,73,Year-round
Yogurt,534,12.0,53.6,91.8,12.6,23.6,20,Summer
Yogurt,682,10.8,47.2,57.1,18.8,18.2,35,Winter
Mango,637,30.7,0.9,3.5,1.1,0.2,47,Summer
Carrot,208,33.0,4.3,97.9,5.0,10.1,93,Fall
Zucchini,99,5.7,25.6,43.1,7.3,29.3,96,Fall
Oats,285,4.3,24.6,73.5,4.4,3.3,0,Year-round
Asparagus,574,38.3,21.4,39.1,3.9,36.9,99,Spring
Carrot,505,49.7,4.3,48.3,11.7,31.9,20,Year-round
Cucumber,22,31.4,63.3,88.3,9.0,15.4,57,Summer
Mango,237,36.9,54.7,61.5,1.9,10.9,69,Year-round
Mango,368,32.5,63.6,8.7,11.8,5.5,72,Winter
Yogurt,559,38.2,26.3,36.0,13.0,15.3,58,Summer
Bell Pepper,649,35.5,63.0,7.3,17.9,1.9,73,Year-round
Rice,433,23.9,43.1,36.2,14.4,39.1,71,Year-round
Tomato,104,18.6,26.6,75.1,7.9,35.9,33,Fall
Cucumber,239,30.4,46.3,95.4,15.6,20.4,26,Year-round
Kiwi,538,45.9,51.8,76.2,8.8,40.2,67,Year-round
Oats,121,25.4,6.3,86.5,14.7,18.2,21,Spring
Peas,305,23.6,2.2,29.4,11.2,39.2,90,Fall
Sweet Potato,158,29.0,41.0,9.0,16.2,15.8,43,Spring
Carrot,639,2.7,21.1,60.3,13.4,18.9,60,Winter
Turkey,525,9.5,33.0,18.0,1.7,15.0,43,Summer
Blueberries,124,17.0,46.8,0.6,5.7,24.4,33,Year-round
Tuna,484,8.7,10.5,26.9,7.9,43.1,80,Year-round
Broccoli,210,6.8,24.5,7.9,14.7,0.6,92,Year-round
Onion,239,10.5,46.6,50.6,19.6,4.5,5,Year-round
Spinach,403,16.2,66.1,38.9,6.8,10.0,35,Summer
Strawberries,110,12.3,53.6,67.4,4.5,37.2,8,Winter
Spinach,61,11.1,12.6,44.7,13.1,13.9,78,Winter
Salmon,203,19.1,64.5,26.5,9.8,22.2,0,Spring
Bell Pepper,35,44.5,12.4,93.6,19.8,31.0,38,Summer
Mango,307,11.8,46.4,58.3,10.8,29.3,52,Year-round
Mushrooms,334,41.5,36.2,31.9,13.7,25.5,100,Summer
Kiwi,612,1.1,39.8,20.1,6.1,8.1,38,Year-round
Pork,447,41.9,28.8,64.4,6.3,20.3,48,Spring
Sweet Potato,326,43.7,40.4,95.0,18.1,10.8,93,Year-round
Mango,10,37.3,56.1,62.0,16.2,24.2,91,Year-round
Cauliflower,155,39.4,21.4,77.9,1.8,8.0,38,Spring
Sweet Potato,160,11.7,25.7,16.9,15.5,28.6,83,Fall
Bell Pepper,366,21.8,17.0,94.6,13.6,5.7,52,Summer
Raspberries,76,22.6,69.3,16.8,12.4,49.0,79,Spring
Kiwi,148,6.1,47.6,1.0,11.0,6.6,29,Year-round
Bell Pepper,692,12.9,32.0,42.3,14.0,20.7,3,Fall
Pasta,82,23.6,44.4,14.1,18.1,11.4,100,Summer
Spinach,613,36.0,15.6,95.7,11.5,31.5,38,Winter
Potato,197,35.2,41.8,92.7,3.8,31.4,36,Spring
Blueberries,638,24.1,21.3,32.9,0.4,0.6,81,Fall
Asparagus,445,46.7,5.9,87.7,10.1,36.6,94,Spring
Yogurt,240,7.6,19.3,91.2,14.7,19.2,51,Year-round
Tomato,422,27.7,26.3,33.3,7.9,4.1,41,Spring
Blueberries,348,8.0,11.5,9.5,10.1,2.7,56,Fall
Lentils,412,47.3,22.3,36.9,11.0,7.6,75,Fall
Coconut,233,13.0,30.2,85.9,15.6,44.1,19,Fall
Onion,364,46.3,12.7,54.6,19.7,37.2,86,Spring
Walnuts,477,18.2,64.6,83.4,6.4,1.6,57,Year-round
Bell Pepper,296,13.7,49.0,18.8,15.3,2.3,37,Winter
Lentils,551,11.7,3.1,60.0,10.1,46.0,54,Summer
Salmon,512,37.2,68.0,46.8,11.9,8.0,91,Winter
Bell Pepper,395,23.9,35.0,61.8,12.9,25.2,19,Spring
Apple,654,30.3,36.1,58.4,10.3,14.3,64,Summer
Eggplant,656,3.7,8.2,36.8,4.2,4.6,28,Year-round
Mango,280,43.0,64.9,27.2,9.3,26.7,84,Summer
Grapes,72,34.7,55.1,94.5,0.5,17.7,14,Summer
Egg,53,28.3,4.9,35.9,18.6,35.7,46,Spring
Coconut,664,14.9,60.4,55.5,5.0,44.1,78,Year-round
Bell Pepper,97,12.9,25.9,3.4,15.7,15.1,88,Year-round
Apple,32,49.7,16.8,36.8,17.2,14.3,54,Year-round
Mushrooms,582,10.7,68.9,7.8,19.8,4.4,32,Year-round
Grapes,106,27.3,26.6,16.6,17.4,17.6,88,Winter
Tomato,496,21.0,39.7,7.5,18.1,33.8,75,Year-round
Grapes,574,26.2,63.6,61.7,18.0,38.4,43,Year-round
Bell Pepper,684,10.5,6.5,81.6,11.1,40.8,19,Fall
Pasta,61,24.5,22.5,34.2,4.8,49.8,73,Fall
Cucumber,671,30.1,47.7,45.6,4.1,23.1,62,Summer
Pasta,473,47.7,51.1,42.8,13.4,27.9,0,Summer
Tomato,270,6.6,59.5,8.5,13.7,13.3,86,Winter
Tuna,315,22.1,56.3,33.6,9.1,46.0,31,Fall
Pineapple,365,6.8,49.7,71.1,16.5,44.7,60,Spring
Kale,418,22.0,57.9,89.2,5.8,12.1,2,Year-round
Onion,453,34.8,32.9,81.1,9.1,26.7,99,Summer
Strawberries,622,26.0,35.1,7.6,2.9,26.9,42,Spring
Garlic,200,48.8,12.2,52.1,9.2,47.1,62,Winter
Bell Pepper,373,26.9,15.1,54.2,10.9,42.9,48,Spring
Rice,430,32.2,6.5,74.2,0.9,23.4,14,Winter
Mango,286,27.8,6.7,73.4,12.7,42.5,60,Spring
Cheese,570,40.2,41.9,58.3,6.4,22.0,18,Summer
Cucumber,556,23.8,34.0,25.6,17.8,35.1,93,Spring
Kiwi,520,3.2,24.8,5.4,5.3,17.6,10,Summer
Banana,116,37.2,33.4,27.6,6.0,29.1,97,Fall
Avocado,69,22.0,48.8,67.5,1.2,42.1,75,Summer
Carrot,606,7.7,62.7,36.8,2.7,6.4,26,Winter
Chicken Breast,301,37.6,0.5,56.6,3.4,28.9,25,Year-round
Raspberries,484,11.1,20.0,2.3,5.4,39.8,61,Year-round
Asparagus,326,25.4,14.6,66.2,0.8,11.7,41,Spring
Coconut,386,11.8,37.0,14.9,15.0,8.7,89,Year-round
Grapes,340,0.6,14.6,48.0,14.5,39.3,84,Winter
Garlic,55,27.7,14.2,84.0,1.8,42.8,44,Summer
Peach,245,19.8,63.1,32.8,4.5,24.9,24,Fall
Eggplant,549,27.7,7.5,92.4,5.3,12.4,27,Fall
Chickpeas,346,42.7,22.7,55.2,11.6,11.3,71,Summer
Blackberries,114,21.0,23.1,98.6,14.8,23.8,100,Winter
Egg,57,35.4,37.5,12.0,10.9,27.1,56,Winter
Kiwi,443,30.4,14.1,0.4,13.6,20.3,61,Year-round
Tuna,238,6.3,51.1,60.0,4.7,18.5,53,Winter
Blueberries,201,29.4,57.9,91.1,2.0,9.8,81,Fall
Apple,108,33.0,0.7,72.1,7.2,0.1,28,Fall
Strawberries,339,11.0,37.3,79.0,16.8,41.4,49,Year-round
Pork,310,40.6,67.5,34.8,18.3,15.8,17,Fall
Carrot,447,10.0,8.2,97.3,10.6,29.3,12,Spring
Chickpeas,247,32.8,28.6,32.0,12.9,26.1,17,Spring
Onion,82,44.4,28.1,79.8,0.2,15.0,0,Spring
Oats,361,39.0,17.7,92.3,2.3,30.6,44,Fall
Chickpeas,192,9.7,18.7,76.9,9.1,47.5,15,Winter
Tuna,477,18.2,48.1,78.9,9.8,32.9,0,Summer
Tuna,611,27.2,19.7,20.9,4.9,5.7,89,Winter
Bread,608,19.4,47.2,77.5,15.5,18.2,24,Winter
Blueberries,160,39.7,36.3,96.2,16.6,4.5,15,Year-round
Eggplant,461,33.2,64.7,49.8,7.1,39.9,44,Fall
Blueberries,285,24.1,44.3,96.8,0.8,33.5,18,Winter
Strawberries,311,48.9,63.7,48.7,18.8,41.7,60,Winter
Banana,686,15.0,45.7,63.3,12.8,22.2,4,Fall
Avocado,150,9.6,11.1,68.2,14.8,38.0,49,Winter
Bread,316,36.2,0.0,65.0,14.6,3.1,97,Summer
Coconut,351,49.4,56.1,83.2,9.3,12.6,49,Spring
Broccoli,33,20.9,68.8,39.8,18.1,21.5,45,Year-round
Grapes,498,15.7,29.9,99.1,6.6,39.8,89,Fall
Oats,95,43.2,37.7,63.7,12.4,42.2,76,Year-round
Egg,346,43.7,30.6,38.8,19.6,14.0,2,Spring
Pork,339,44.5,42.4,57.9,19.2,39.0,52,Spring
Banana,307,12.0,31.0,58.6,3.4,47.8,84,Spring
Coconut,393,19.6,61.2,22.1,12.7,42.9,66,Fall
Rice,678,30.4,53.0,34.3,18.8,8.1,51,Winter
Tomato,481,22.5,35.6,82.7,1.9,31.6,40,Spring
Cauliflower,228,37.9,10.4,76.4,12.9,6.6,66,Winter
Blueberries,309,46.6,6.4,65.8,0.4,11.8,15,Fall
Broccoli,431,39.6,32.1,16.4,19.8,35.9,33,Summer
Onion,654,43.3,61.6,83.4,4.0,33.4,94,Year-round
Potato,151,32.2,69.0,64.0,3.2,2.1,86,Fall
Peas,642,34.2,27.5,83.7,9.7,3.0,17,Fall
Quinoa,622,39.8,44.0,18.0,8.2,41.7,42,Fall
Eggplant,94,13.6,10.0,45.5,18.5,26.1,20,Spring
Carrot,540,2.5,25.1,50.1,1.2,43.5,77,Summer
Pasta,374,5.6,63.4,94.4,3.6,29.3,38,Fall
Quinoa,274,19.5,52.2,84.0,17.2,33.6,77,Fall
Bell Pepper,530,26.4,29.3,38.8,10.2,38.6,70,Winter
Blackberries,186,20.5,65.3,25.3,14.1,6.1,84,Spring
Eggplant,604,16.8,61.5,28.4,8.1,35.1,55,Fall
Turkey,353,47.0,40.9,5.0,6.6,19.6,11,Fall
Tomato,352,43.2,69.7,63.6,0.5,41.4,81,Summer
Bread,271,37.1,51.5,60.5,10.5,2.2,5,Summer
Zucchini,350,39.2,66.3,17.2,3.0,20.9,35,Year-round
Asparagus,456,49.0,28.7,45.3,5.5,12.6,78,Fall
Avocado,46,42.9,61.7,34.2,2.4,42.6,94,Spring
Avocado,289,5.5,24.7,40.0,3.7,7.1,74,Fall
Pork,40,29.0,8.3,30.8,6.7,41.2,17,Spring
Tomato,675,37.8,69.6,95.3,11.9,4.9,45,Summer
Bell Pepper,98,46.9,9.7,81.8,11.6,27.0,8,Spring
Quinoa,72,37.9,57.1,4.2,18.5,43.9,85,Fall
Beef,646,32.5,50.7,82.0,0.7,24.6,32,Fall
Zucchini,420,34.1,2.6,85.0,2.2,43.1,94,Year-round
Bell Pepper,495,46.8,67.6,60.0,9.8,40.8,22,Winter
Rice,110,0.5,11.5,55.9,7.8,11.3,57,Winter
Tomato,430,42.5,0.9,22.2,6.6,48.9,57,Fall
Bread,485,4.0,16.6,52.5,2.9,15.1,38,Fall
Pasta,506,36.0,15.7,12.6,4.9,7.9,49,Fall
Onion,381,40.4,60.9,3.7,19.4,12.0,94,Fall
Carrot,680,48.7,28.7,99.0,10.0,29.5,73,Winter
Kiwi,304,48.8,59.4,42.6,1.6,14.5,26,Year-round
Broccoli,313,30.2,29.4,56.0,19.5,46.9,11,Winter
Walnuts,611,28.7,29.2,28.3,18.4,38.1,89,Summer
Yogurt,697,35.2,11.8,67.4,15.4,20.3,74,Spring
Asparagus,67,24.0,21.4,70.1,17.5,6.1,45,Fall
Peas,401,17.0,31.3,54.4,18.4,14.5,91,Spring
Walnuts,670,13.8,1.3,51.7,7.2,7.0,24,Spring
Mango,102,32.6,21.8,71.3,3.4,24.0,92,Fall
Oats,385,1.3,0.3,39.7,16.4,1.2,85,Summer
Chickpeas,540,49.2,48.2,10.4,18.1,6.0,2,Year-round
Onion,599,23.6,56.6,24.0,14.8,11.7,48,Year-round
Peach,688,17.2,35.9,55.9,2.4,17.6,69,Year-round
Asparagus,185,4.1,45.0,91.0,11.2,43.1,81,Year-round
Bell Pepper,475,22.4,62.8,11.4,1.5,14.0,42,Summer
Quinoa,223,35.4,60.1,9.5,10.1,30.9,6,Summer
Pineapple,184,23.0,59.4,59.1,14.1,33.4,25,Fall
Lentils,598,37.9,57.1,94.8,9.3,47.0,41,Summer
Mushrooms,220,2.9,42.8,52.3,0.3,46.7,8,Summer
Cucumber,541,12.4,25.1,10.5,9.3,22.5,34,Winter
Yogurt,77,49.0,45.9,33.0,12.6,14.4,63,Summer
Blackberries,305,15.2,61.2,39.8,2.4,16.9,25,Winter
Oats,472,8.9,67.6,24.8,3.6,37.8,5,Winter
Kiwi,260,23.2,45.8,68.1,12.7,9.6,58,Winter
Kiwi,130,34.6,34.7,40.5,10.4,32.9,21,Summer
Asparagus,389,1.1,60.3,45.0,15.7,39.1,33,Summer
Pork,433,0.7,15.5,66.9,20.0,1.8,0,Fall
Beef,209,5.5,40.1,36.6,16.9,15.6,10,Year-round
Oats,442,37.2,59.6,54.3,17.0,32.6,4,Winter
Onion,221,19.8,50.3,82.2,10.2,42.9,91,Winter
Carrot,495,26.6,36.1,94.6,2.8,28.7,56,Fall
Sweet Potato,74,47.1,53.5,43.3,12.0,36.1,100,Year-round
Zucchini,54,38.7,27.4,81.2,3.9,37.5,65,Fall
Mango,439,17.0,6.4,17.1,14.1,15.9,92,Year-round
Cucumber,283,22.0,59.3,78.4,4.3,19.9,7,Spring
Bread,366,12.0,0.9,19.1,2.5,47.7,18,Spring
Kiwi,643,5.4,31.8,92.1,0.6,43.6,2,Winter
Turkey,363,37.2,2.6,87.8,8.6,30.5,2,Summer
Salmon,189,17.7,43.0,4.6,13.1,11.4,52,Summer
Salmon,266,6.7,1.8,38.2,18.7,42.5,89,Year-round
Walnuts,48,21.7,59.3,56.7,3.2,13.5,91,Spring
Carrot,440,37.2,63.4,46.7,4.0,28.6,4,Year-round
Strawberries,203,41.6,60.7,70.9,18.4,9.3,7,Spring
Spinach,190,39.7,63.0,36.9,13.4,0.7,78,Year-round
Tuna,530,7.5,52.4,16.0,13.5,41.4,18,Fall
Raspberries,160,20.3,40.1,50.6,17.4,13.6,32,Summer
Strawberries,537,36.3,14.4,9.7,13.7,13.9,44,Spring
Lentils,370,17.4,20.7,29.9,16.6,22.9,18,Year-round
Beef,363,15.2,36.1,97.1,16.6,16.2,98,Fall
Chickpeas,341,27.4,11.1,15.4,10.4,22.1,48,Year-round
Sweet Potato,18,9.4,59.3,81.4,16.3,7.9,84,Year-round
Sweet Potato,590,46.9,21.9,11.9,6.6,9.9,78,Year-round
Kale,488,26.6,43.4,47.4,17.0,16.8,21,Fall
Rice,237,32.7,61.8,39.3,2.2,47.0,33,Summer
Pineapple,46,14.9,18.5,9.7,18.0,17.7,8,Summer
Peach,623,48.1,37.0,53.9,1.4,43.0,31,Summer
Chickpeas,359,0.1,47.6,59.0,9.0,42.0,96,Fall
Bread,59,42.3,61.1,83.9,9.0,6.9,47,Fall
Kale,14,44.7,39.4,99.6,7.5,19.3,23,Summer
Potato,242,3.2,12.3,17.1,16.0,16.2,83,Spring
Eggplant,61,27.2,37.7,47.2,5.0,16.3,28,Fall
Cauliflower,159,35.7,7.0,57.5,4.2,42.7,7,Winter
Quinoa,648,34.8,27.2,61.3,7.0,8.5,84,Year-round
Banana,648,49.6,6.0,60.0,8.7,19.4,99,Year-round
Tuna,395,13.2,69.6,11.3,7.4,7.0,74,Winter
Spinach,504,15.5,30.8,25.1,9.2,45.2,39,Year-round
Banana,111,42.1,30.1,14.1,6.7,12.0,27,Year-round
Chicken Breast,245,21.2,17.9,89.2,12.6,27.6,60,Fall
Egg,87,35.0,30.2,86.3,19.4,4.3,20,Year-round
Oats,451,34.4,40.2,0.1,12.0,42.6,40,Fall
Raspberries,62,46.6,48.1,14.3,5.6,39.1,28,Fall
Yogurt,551,41.9,29.2,40.5,12.4,12.9,95,Spring
Chickpeas,31,44.7,43.4,88.1,11.6,38.6,81,Winter
Broccoli,599,0.1,16.0,97.2,8.9,33.9,84,Fall
Sweet Potato,133,11.0,19.2,71.6,2.7,24.2,88,Fall
Yogurt,32,36.1,69.1,94.1,1.5,43.3,74,Winter
Broccoli,690,9.9,48.2,84.1,0.5,0.5,24,Winter
Pork,604,46.8,12.2,77.2,13.6,35.2,59,Year-round
Kiwi,74,15.6,53.8,66.5,2.0,41.4,74,Fall
Kale,15,37.5,66.4,86.9,0.1,17.1,76,Winter
Kale,262,23.3,19.6,8.8,8.4,45.3,25,Fall
Avocado,185,19.1,47.2,62.2,8.8,4.2,96,Winter
Blueberries,162,13.3,53.6,75.5,13.3,3.8,90,Summer
Strawberries,196,18.7,26.2,75.2,0.2,34.2,76,Summer
Turkey,350,36.8,32.3,52.4,1.0,44.9,35,Winter
Bell Pepper,538,45.8,39.0,4.5,19.0,30.4,31,Fall
Asparagus,21,34.3,53.9,51.2,9.3,21.9,54,Year-round
Broccoli,637,32.2,10.6,3.9,4.4,38.1,87,Winter
Avocado,350,20.1,0.8,70.7,7.0,12.0,85,Fall
Cauliflower,164,17.8,47.0,1.0,19.0,43.8,99,Fall
Blackberries,650,31.4,28.8,54.8,11.6,18.7,83,Fall
Blackberries,296,20.2,32.2,73.7,16.6,18.5,38,Year-round
Tuna,610,14.4,50.4,80.6,6.8,7.5,15,Summer
Mango,278,22.1,51.2,72.0,13.8,48.0,46,Summer
Pork,89,28.1,43.0,45.6,12.0,13.0,44,Spring
Quinoa,554,29.1,19.7,14.2,12.9,4.9,64,Fall
Tuna,636,46.5,32.5,49.5,3.8,6.6,19,Summer
Strawberries,563,1.2,39.1,37.6,6.8,29.3,20,Summer
Pineapple,111,48.7,26.8,86.3,11.3,37.2,13,Year-round
Eggplant,470,42.2,68.1,5.8,7.6,47.3,76,Spring
Pumpkin,252,1.4,60.2,9.9,19.2,34.3,6,Fall
Pineapple,341,31.5,64.3,98.8,5.1,12.3,35,Year-round
Walnuts,600,41.0,2.8,63.2,16.6,30.8,23,Year-round
Cheese,413,29.7,31.2,25.5,19.3,1.1,88,Fall
Apple,219,38.5,67.6,7.3,12.1,10.7,56,Year-round
Peas,343,34.3,4.0,9.3,10.8,4.4,34,Spring
Eggplant,492,47.8,45.2,40.4,13.9,22.8,22,Summer
Mango,398,34.8,8.4,96.1,15.8,45.2,92,Summer
Garlic,553,1.7,49.8,88.8,9.8,24.3,42,Summer
Kiwi,530,38.0,65.9,89.0,3.2,34.3,9,Spring
Salmon,394,14.5,63.7,97.1,19.8,2.1,54,Fall
Apple,109,49.4,28.6,73.3,16.7,33.3,31,Summer
Bell Pepper,382,12.1,67.8,25.0,18.7,48.7,41,Fall
Spinach,567,3.2,54.7,77.2,6.2,19.4,79,Year-round
Quinoa,210,28.5,32.7,71.2,17.8,44.5,37,Winter
Asparagus,11,16.2,47.8,29.5,16.2,10.9,8,Summer
Apple,412,4.1,49.8,42.6,2.0,38.0,90,Summer
Peas,212,18.6,12.2,73.5,6.9,22.6,22,Year-round
Tuna,657,30.4,6.2,67.4,11.4,43.9,89,Year-round
Apple,192,5.8,65.5,94.0,7.3,1.1,66,Year-round
Asparagus,10,2.7,24.7,48.2,16.2,42.3,3,Winter
Kiwi,145,1.7,29.7,39.7,19.8,22.6,79,Fall
Zucchini,551,24.6,20.9,84.8,6.2,48.7,78,Year-round
Strawberries,53,24.3,4.4,50.5,0.7,37.8,58,Summer
Turkey,471,18.9,23.7,22.2,9.0,32.8,96,Fall
Tuna,584,12.9,50.0,59.4,8.2,23.9,59,Fall
